1,과테말라 전 윗츠,https://cdn-pro-web-210-60-godomall.spdycdn.net/ablestory_godomall_com/data/goods/22/10/43/1000000216/1000000216_detail_019.png
2,에티오피아 콩가 워테,https://cdn-pro-web-210-60-godomall.spdycdn.net/ablestory_godomall_com/data/goods/22/10/43/1000000215/1000000215_detail_052.png
3,페루 라 몬타냐,https://cdn-pro-web-210-60-godomall.spdycdn.net/ablestory_godomall_com/data/goods/22/10/43/1000000214/1000000214_detail_094.png
4,캡슐 3종과 BB잔 세트,https://cdn-pro-web-210-60-godomall.spdycdn.net/ablestory_godomall_com/data/goods/22/08/33/1000000194/1000000194_detail_088.png
5,캡슐 커피 10개입(4종 택1),https://cdn-pro-web-210-60-godomall.spdycdn.net/ablestory_godomall_com/data/goods/22/06/24/1000000170/1000000170_detail_034.png
6,블랙수트,https://cdn-pro-web-210-60-godomall.spdycdn.net/ablestory_godomall_com/data/goods/21/07/30/1000000031/1000000031_detail_082.png
7,벨벳화이트,https://cdn-pro-web-210-60-godomall.spdycdn.net/ablestory_godomall_com/data/goods/21/07/30/1000000025/1000000025_detail_015.png
8,몰트,https://cdn-pro-web-210-60-godomall.spdycdn.net/ablestory_godomall_com/data/goods/21/07/30/1000000026/1000000026_detail_083.png
9,멕시코 카바노크 디카페인,https://cdn-pro-web-210-60-godomall.spdycdn.net/ablestory_godomall_com/data/goods/21/11/45/1000000082/1000000082_detail_083.png
10,드립백 선물세트,https://cdn-pro-web-210-60-godomall.spdycdn.net/ablestory_godomall_com/data/goods/21/09/36/1000000068/1000000068_detail_089.png
11,[홈카페] 디캔터와 블랙수트 블렌드 선물세트,https://cdn-pro-web-210-60-godomall.spdycdn.net/ablestory_godomall_com/data/goods/22/08/32/1000000188/1000000188_detail_052.png
12,원두 선물세트,https://cdn-pro-web-210-60-godomall.spdycdn.net/ablestory_godomall_com/data/goods/21/09/36/1000000067/1000000067_detail_048.png
13,빈브라더스 드립백 5종 샘플러,https://cdn-pro-web-210-60-godomall.spdycdn.net/ablestory_godomall_com/data/goods/22/03/12/1000000124/1000000124_detail_075.png
14,빈브라더스 드립백 7종,https://cdn-pro-web-210-60-godomall.spdycdn.net/ablestory_godomall_com/data/goods/21/07/30/1000000032/1000000032_detail_040.png
15,빈브라더스 드립백 실속형,https://cdn-pro-web-210-60-godomall.spdycdn.net/ablestory_godomall_com/data/goods/21/07/30/1000000033/1000000033_detail_036.png
16,블랙수트 콜드브루 RTD 235ml,https://cdn-pro-web-210-60-godomall.spdycdn.net/ablestory_godomall_com/data/goods/22/03/11/1000000111/1000000111_detail_078.png
17,블랙수트 콜드브루 500ml,https://cdn-pro-web-210-60-godomall.spdycdn.net/ablestory_godomall_com/data/goods/21/07/30/1000000034/1000000034_detail_028.png
18,벨벳화이트 콜드브루 500ml,https://cdn-pro-web-210-60-godomall.spdycdn.net/ablestory_godomall_com/data/goods/21/07/30/1000000036/1000000036_detail_097.png
19,디카페인 콜드브루 500ml,https://cdn-pro-web-210-60-godomall.spdycdn.net/ablestory_godomall_com/data/goods/21/07/30/1000000037/1000000037_detail_017.png
20,11월의 오프라인 클래스,https://cdn-pro-web-210-60-godomall.spdycdn.net/ablestory_godomall_com/data/goods/22/11/46/1000000222/1000000222_detail_048.png
21,하리오 V60 핸드드립세트,https://cdn-pro-web-210-60-godomall.spdycdn.net/ablestory_godomall_com/data/goods/22/03/11/1000000115/1000000115_detail_017.png
22,하리오 디캔터 드립세트,https://cdn-pro-web-210-60-godomall.spdycdn.net/ablestory_godomall_com/data/goods/21/09/36/1000000065/1000000065_detail_039.png
23,하리오 V60 드리퍼,https://cdn-pro-web-210-60-godomall.spdycdn.net/ablestory_godomall_com/data/goods/21/09/36/1000000065/1000000065_detail_039.png
24,하리오 V60 부오노 드립 케틀,https://cdn-pro-web-210-60-godomall.spdycdn.net/ablestory_godomall_com/data/goods/21/09/35/1000000064/1000000064_detail_010.png
25,타임모어 C2 그라인더,https://cdn-pro-web-210-60-godomall.spdycdn.net/ablestory_godomall_com/data/goods/22/09/39/1000000202/1000000202_detail_0100.png
26,블랙미러 커피 저울 3.0,https://cdn-pro-web-210-60-godomall.spdycdn.net/ablestory_godomall_com/data/goods/22/03/11/1000000113/1000000113_detail_09.png
27,에어로프레스,https://cdn-pro-web-210-60-godomall.spdycdn.net/ablestory_godomall_com/data/goods/21/09/35/1000000059/1000000059_detail_056.png
28,클레버 드리퍼 (필터 포함),https://cdn-pro-web-210-60-godomall.spdycdn.net/ablestory_godomall_com/data/goods/21/09/35/1000000058/1000000058_detail_033.png
29,하리오 V60 필터 화이트,https://cdn-pro-web-210-60-godomall.spdycdn.net/ablestory_godomall_com/data/goods/21/09/35/1000000056/1000000056_detail_014.png
30,펠로우 스태그 전기주전자,https://cdn-pro-web-210-60-godomall.spdycdn.net/ablestory_godomall_com/data/goods/22/05/21/1000000169/1000000169_detail_080.png
31,바라짜 엔코 화이트 전동 커피 그라인더,https://cdn-pro-web-210-60-godomall.spdycdn.net/ablestory_godomall_com/data/goods/22/03/12/1000000125/1000000125_detail_086.png
32,하리오 V60 커피 캐니스터 밀폐용기,https://cdn-pro-web-210-60-godomall.spdycdn.net/ablestory_godomall_com/data/goods/22/03/11/1000000112/1000000112_detail_029.png
33,하리오 V60 커피 서버,https://cdn-pro-web-210-60-godomall.spdycdn.net/ablestory_godomall_com/data/goods/21/09/36/1000000066/1000000066_detail_069.png